,Year,Ratings,Genre,Gross,Budget,Screens,Sequel,Sentiment,Views,Likes,Dislikes,Comments,Aggregate Followers
count,231.0,231.0,231.0,231.0,230.0,221.0,231.0,231.0,231.0,231.0,231.0,231.0,196.0
mean,2014.2943722943724,6.441558441558442,5.359307359307359,68066033.2034632,47921730.04678261,2209.244343891403,1.3593073593073592,2.8095238095238093,3712851.2900432902,12732.536796536797,679.0519480519481,1825.7012987012988,3038193.448979592
std,0.4567497839540861,0.988765235601936,4.141611474428705,88902891.2219994,54288246.071780145,1463.7677548110837,0.9672405599289621,6.996775359008651,4511104.2427846445,28825.484480519724,1243.9294810444062,3571.0404466008467,4886278.073224598
min,2014.0,3.1,1.0,2470.0,70000.0,2.0,1.0,-38.0,698.0,1.0,0.0,0.0,1066.0
25%,2014.0,5.8,1.0,10300000.0,9000000.0,449.0,1.0,0.0,623302.0,1776.5,105.5,248.5,183025.0
50%,2014.0,6.5,3.0,37400000.0,28000000.0,2777.0,1.0,0.0,2409338.0,6096.0,341.0,837.0,1052600.0
75%,2015.0,7.1,8.0,89350000.0,65000000.0,3372.0,1.0,5.5,5217379.5,15247.5,697.5,2137.0,3694500.0
max,2015.0,8.7,15.0,643000000.0,250000000.0,4324.0,7.0,29.0,32626778.0,370552.0,13960.0,38363.0,31030000.0
