,Missing Count,Missing Percentage
Aggregate Followers,35,15.151515151515152
Screens,10,4.329004329004329
Budget,1,0.4329004329004329
